{"cameraMode":{"drawMode":0,"name":"Shaded","section":"Shading Mode"},"sceneLighting":false,"audioPlay":false,"sceneViewState":{"showFog":true,"showMaterialUpdate":false,"showSkybox":false,"showFlares":true,"showImageEffects":true,"showParticleSystems":true},"in2DMode":false,"pivot":{"x":46.840003967285159,"y":2.8299999237060549,"z":53.209999084472659},"rotation":{"x":0.1133582592010498,"y":-0.86403489112854,"z":0.2247016280889511,"w":0.4361221194267273},"size":3.464101552963257,"orthographic":false}