{"cameraMode":{"drawMode":0,"name":"Shaded","section":"Shading Mode"},"sceneLighting":false,"audioPlay":false,"sceneViewState":{"showFog":true,"showMaterialUpdate":false,"showSkybox":false,"showFlares":true,"showImageEffects":true,"showParticleSystems":true},"in2DMode":false,"pivot":{"x":32.573089599609378,"y":6.08424186706543,"z":61.95248794555664},"rotation":{"x":0.12421980500221253,"y":-0.5317324995994568,"z":0.07929059118032456,"w":0.8340716361999512},"size":4.853827953338623,"orthographic":false}