{"cameraMode":{"drawMode":0,"name":"Shaded","section":"Shading Mode"},"sceneLighting":false,"audioPlay":false,"sceneViewState":{"showFog":true,"showMaterialUpdate":false,"showSkybox":false,"showFlares":true,"showImageEffects":true,"showParticleSystems":true},"in2DMode":false,"pivot":{"x":0.20835810899734498,"y":0.1598590612411499,"z":-0.13705754280090333},"rotation":{"x":0.01481602992862463,"y":0.9851492643356323,"z":-0.11668837815523148,"w":0.12508633732795716},"size":0.9241766333580017,"orthographic":false}