{"cameraMode":{"drawMode":0,"name":"Shaded","section":"Shading Mode"},"sceneLighting":false,"audioPlay":false,"sceneViewState":{"showFog":true,"showMaterialUpdate":false,"showSkybox":false,"showFlares":true,"showImageEffects":true,"showParticleSystems":true},"in2DMode":false,"pivot":{"x":0.2879934310913086,"y":0.7590792775154114,"z":-0.5666111707687378},"rotation":{"x":-0.06093627214431763,"y":0.8231300115585327,"z":-0.08999321609735489,"w":-0.5573569536209106},"size":0.6073950529098511,"orthographic":false}